{
  "type_match_acc": 97.61904761904762,
  "extact_match_acc": 96.42857142857143,
  "click_match_acc": 98.33333333333333,
  "error_num": 0
}